{"loss": [0.18855556845664978, 0.10453289747238159, 0.09402424842119217, 0.08897452801465988, 0.08675963431596756, 0.08569396287202835, 0.08387279510498047, 0.08262177556753159, 0.08149804919958115, 0.08084975928068161], "accuracy": [0.6961524486541748, 0.7898564338684082, 0.8074604272842407, 0.8158827424049377, 0.8181378841400146, 0.8201398849487305, 0.8229013085365295, 0.8288383483886719, 0.8279869556427002, 0.8307943940162659], "val_loss": [0.06092903017997742, 0.049178801476955414, 0.04533388465642929, 0.04023835435509682, 0.03851873055100441, 0.03954079747200012, 0.0350465252995491, 0.034632906317710876, 0.03831295669078827, 0.03708057850599289], "val_accuracy": [0.8641349673271179, 0.8833993673324585, 0.8928011655807495, 0.8995299339294434, 0.8999907970428467, 0.9011890292167664, 0.9111438989639282, 0.9124343395233154, 0.9074569344520569, 0.9006360173225403]}